text,created_at,cleaned_text
"RT @alban_knox: Catching up on a lot of cool games this week and we've got an awesome collab too!! üòäüß°

General: #AlbanKnox
Live: #AlbanLive‚Ä¶",,rt  catching up on a lot of cool games this week and weve got an awesome collab too   general albanknox live albanlive
"RT @RomaL67194466: @GlamWorldTalks Vivian's journey.. awesome..

VICTORY AWAITS VIVIAN",,rt   vivians journey awesome  victory awaits vivian
"Thanks a million for sharing this awesome article. Thank you for being my pillar of strength, bro. Jose Dattilo https://t.co/c1jfeBNe2L",,thanks a million for sharing this awesome article thank you for being my pillar of strength bro jose dattilo 
"@gabriel__xyz that's awesome mate, solid growth!

i do help founders get first sales via https://t.co/NxtxOPYNKQ",, thats awesome mate solid growth  i do help founders get first sales via 
@0xGumshoe @RaydiumProtocol @ai16zdao Awesome decipher,,   awesome decipher
@NickEagleMystic So awesome!!!! ‚ù§Ô∏èüôåüôè,, so awesome 
RT @cenkuygur: I agree with @elonmusk and @VivekGRamaswamy about H-1B visas. But I love the rebellion against them because it shows that MA‚Ä¶,,rt  i agree with  and  about h1b visas but i love the rebellion against them because it shows that ma
@andwhynut69633 @awesome_visuals @MaxCasu @LudovicCreator @techhalla @madpencil_ @BrentLynch @elonmusk @Hailuo_AI @jinx_aiart @FOMOMoonGlow @masako_3d @dustinhollywood @VisionArtAI @Alin_Reaper05 @AiHacksHQ @MartinNebelong @pzf_ai @minchoi @EHuanglu https://t.co/mtdbQySesI,,                    
"@kimcoinMaster @blumcrypto Wow, Blum's Season 2 sounds...interesting. tbh, I've had way better luck with meme coins on StraightUp.  Their Verified Launches are awesome, and I've earned some serious $FIRST. Check it out! https://t.co/Amtu0eMwF5",,  wow blums season 2 soundsinteresting tbh ive had way better luck with meme coins on straightup  their verified launches are awesome and ive earned some serious first check it out 
"@PrakashPSPK24 Awesome choice! üé• Watched it last week, still got goosebumps!",, awesome choice  watched it last week still got goosebumps
"RT @baatein_dilse: I hope your birthday is as awesome as you are.

HAPPY BIRTHDAY KARAN VEER",,rt  i hope your birthday is as awesome as you are  happy birthday karan veer
"i am so tempered right now...like, glazed all over. Im so shiny. Just walking around...so awesome https://t.co/eqQixoX5Yi",,i am so tempered right nowlike glazed all over im so shiny just walking aroundso awesome 
"@TheToriant Come on check this out, this is awesome ‚ú®",, come on check this out this is awesome 
@rabhya2230 ‡§µ‡•Ä‡§°‡§ø‡§Ø‡•ã ‡§Ö‡§ö‡•ç‡§õ‡•Ä ‡§¨‡§¢‡§º‡§ø‡§Ø‡§æ ‡§°‡•ç‡§∞‡§æ‡§Æ‡§æ ‡§§‡•ã ‡§π‡•ã‡§§‡§æ ‡§Ø‡§æ‡§∞,, ‡§µ‡§°‡§Ø ‡§Ö‡§ö‡§õ ‡§¨‡§¢‡§Ø ‡§°‡§∞‡§Æ ‡§§ ‡§π‡§§ ‡§Ø‡§∞
"@kuntect @Emperoronsol That's awesome, rooting for this amazing project. Goodluck!",,  thats awesome rooting for this amazing project goodluck
RT @KinkyChantall: Awesome f*cking a Sissy! She came back wanting more. I wouldn't make it easy for her. I fucked her in several positions.‚Ä¶,,rt  awesome fcking a sissy she came back wanting more i wouldnt make it easy for her i fucked her in several positions
RT @kevinovira: @AltcoinGordon That would be awesome boss!,,rt   that would be awesome boss
"RT @NIJISANJI_World: Placeüëës on our Livers' heads for these awesome moments! ft. @Fulgur_Ovid, @VezaliusBandage, @Vox_Akuma, @luca_kaneshir‚Ä¶",,rt  places on our livers heads for these awesome moments ft    
@Moona_vitruals @luna_virtuals @Agent_Zeek Awesome,,   awesome
@Bebak_ladki0 Awesome and beautiful lines üëåüëå,, awesome and beautiful lines 
"RT @TalusNetwork: We want to take another moment during this holiday season to say thank you to everyone in this incredible community üôå

Wh‚Ä¶",,rt  we want to take another moment during this holiday season to say thank you to everyone in this incredible community   wh
"RT @Alden_Gonzalez: Corbin Burnes and his wife just had twins and wanted to stay home in Arizona, prompting a deal with the D-backs. It‚Äôs s‚Ä¶",,rt  corbin burnes and his wife just had twins and wanted to stay home in arizona prompting a deal with the dbacks its s
RT @Peargor: Being friends with professional animators is awesome because if you request Goth Squirrel Girl Marvel Rivals with big badonker‚Ä¶,,rt  being friends with professional animators is awesome because if you request goth squirrel girl marvel rivals with big badonker
@DarrenSRS @PtiteAngele Awesome üî•üî•,,  awesome 
"@MaincardGame really made the Christmas and New Year much more fun üéä 

The AMA yesterday was awesome!

I can't wait for all the epic plans for 2025 to I fold üëè",, really made the christmas and new year much more fun    the ama yesterday was awesome  i cant wait for all the epic plans for 2025 to i fold 
"@_James041 Awesome Work @ Larry Madowo, you are an inspiration, you have been Consistent and faithful to the Cause. Maximum respect‚Ä¶",, awesome work  larry madowo you are an inspiration you have been consistent and faithful to the cause maximum respect
RT @TandiLogan: Check out this awesome arcade stick my buddy @Clive_Frog_2_0 made for @PixelCNinja,,rt  check out this awesome arcade stick my buddy  made for 
Hi! I'm pumped to explore Twitter world! Hope to meet awesome people here! üëã,,hi im pumped to explore twitter world hope to meet awesome people here 
RT @are_gyani: ‡§á‡§®‡§ï‡•ã ‡§è‡§≤‡•ç‡§ó‡•ã‡§∞‡§ø‡§•‡§Æ ‡§™‡§§‡§æ ‡§π‡•à ‡§¨‡§¢‡§º‡§ø‡§Ø‡§æ ‡§§‡§ø‡§≤‡§ï ‡§≤‡§ó‡§æ‡§ì ‡§î‡§∞ ‡§∏‡§æ‡§Æ‡§®‡•á ‡§µ‡§æ‡§≤‡•á ‡§ß‡§∞‡•ç‡§Æ ‡§ï‡•Ä ‡§ñ‡•Å‡§≤‡§ï‡§∞ ‡§§‡§æ‡§∞‡•Ä‡§´ ‡§ï‡§∞‡•ã ‡§Ö‡§™‡§®‡•á ‡§ß‡§∞‡•ç‡§Æ ‡§ï‡•ã ‡§ó‡§æ‡§≤‡•Ä ‡§¶‡•ã ‡§°‡•â‡§≤‡§∞ ‡§ï‡•Ä ‡§µ‡§∞‡•ç‡§∑‡§æ ‡§π‡•ã‡§ó‡•Ä ‡§ê‡§∏‡•á ‡§≤‡•ã‚Ä¶,,rt  ‡§á‡§®‡§ï ‡§è‡§≤‡§ó‡§∞‡§•‡§Æ ‡§™‡§§ ‡§π ‡§¨‡§¢‡§Ø ‡§§‡§≤‡§ï ‡§≤‡§ó‡§ì ‡§î‡§∞ ‡§∏‡§Æ‡§® ‡§µ‡§≤ ‡§ß‡§∞‡§Æ ‡§ï ‡§ñ‡§≤‡§ï‡§∞ ‡§§‡§∞‡§´ ‡§ï‡§∞ ‡§Ö‡§™‡§® ‡§ß‡§∞‡§Æ ‡§ï ‡§ó‡§≤ ‡§¶ ‡§°‡§≤‡§∞ ‡§ï ‡§µ‡§∞‡§∑ ‡§π‡§ó ‡§ê‡§∏ ‡§≤
It's just awesome to know that Hero Hockey India League starts today with unmatched energy and excitement. Let‚Äôs cheer for the action and fun. #HILOpeningCeremony,,its just awesome to know that hero hockey india league starts today with unmatched energy and excitement lets cheer for the action and fun hilopeningceremony
@Crisstianaaf gm gm fam Morning! Be awesome today and shine like the sun!,, gm gm fam morning be awesome today and shine like the sun
"RT @SanayaKhannn: Hey, love! Just thought I'd drop a message and let you know that you're an awesome person and that today will be a great‚Ä¶",,rt  hey love just thought id drop a message and let you know that youre an awesome person and that today will be a great
Sikander introduction teaser does its job. Salman Khan back in his elements. Awesome BGM. super dialogue. @ARMurugadoss and   @Music_Santhosh did well. also they didnt reveal anything. hopefully trailer and later film will follow up to this. https://t.co/YOzIKv5Rtm,,sikander introduction teaser does its job salman khan back in his elements awesome bgm super dialogue  and    did well also they didnt reveal anything hopefully trailer and later film will follow up to this 
"RT @Metaoasis_: üéâ MomoX Beta Wrap-Up

With the backing of our awesome community, this beta test was next level!üí•

üîπ 10,000+ Registrations ‚Äî‚Ä¶",,rt   momox beta wrapup  with the backing of our awesome community this beta test was next level   10000 registrations 
"@UmaizaChudhary0 The sun is setting down, The mood is awesome, Get your thoughts to calm down, Get all blossom, The evening is a pleasant time! Good evening!",, the sun is setting down the mood is awesome get your thoughts to calm down get all blossom the evening is a pleasant time good evening
Merry #Bookmas! On the 14th day of #HJBookMas2024 Head on over to #HarlequinJunkie blog for the chance to win some awesome giveaways from some of our favorite authors!   https://t.co/7t8PuWjHJu,,merry bookmas on the 14th day of hjbookmas2024 head on over to harlequinjunkie blog for the chance to win some awesome giveaways from some of our favorite authors   
"@daveartt Did you know that your track ""Rulay"" was added to the editorial playlist 'Novedades Viernes Latinoam√©rica' with over 887K Followers on Spotify! Find even more awesome insights on Songstats. https://t.co/gqH5EJZjAy",, did you know that your track rulay was added to the editorial playlist novedades viernes latinoam√©rica with over 887k followers on spotify find even more awesome insights on songstats 
"RT @SanayaKhannn: Hey, love! Just thought I'd drop a message and let you know that you're an awesome person and that today will be a great‚Ä¶",,rt  hey love just thought id drop a message and let you know that youre an awesome person and that today will be a great
"RT @FADEX_001: SEI Network, here I come! 

thank you for the warm welcome and expert onboarding support @tezukaTez . Looking forward to con‚Ä¶",,rt  sei network here i come   thank you for the warm welcome and expert onboarding support   looking forward to con
@RealJessica05 You are awesome but I‚Äôm bankruptcy üéÑüòä,, you are awesome but im bankruptcy 
"RT @Jason: These racist attacks are disgusting. 

[ @sriramk is awesome, for the record ]",,rt  these racist attacks are disgusting     is awesome for the record 
"@Jokushi911 The sun is setting down, The mood is awesome, Get your thoughts to calm down, Get all blossom, The evening is a pleasant time! Good evening!",, the sun is setting down the mood is awesome get your thoughts to calm down get all blossom the evening is a pleasant time good evening
"RT @satyasanket: #SikandarTeaser out Now..

Awesome presentation with a cool BGM. This feels more like an announcement video than just a te‚Ä¶",,rt  sikandarteaser out now  awesome presentation with a cool bgm this feels more like an announcement video than just a te
@NpBackup01 Have an awesome weekend too Nikhil!,, have an awesome weekend too nikhil
@PihuuYaduvanshi ‡§Ø‡•á ‡§¨‡§¢‡§º‡§ø‡§Ø‡§æ ‡§•‡§æ,, ‡§Ø ‡§¨‡§¢‡§Ø ‡§•
@Wawa_cto @devon_devz awesome!,,  awesome
"RT @SanayaKhannn: You feel so awesome in the day 
When the day seems so good 
You feel so good throughout 
If you are in a happy state 
So‚Ä¶",,rt  you feel so awesome in the day  when the day seems so good  you feel so good throughout  if you are in a happy state  so
RT @kohenoor_khan1: Squid game season 2 is freaking awesome,,rt  squid game season 2 is freaking awesome
RT @spooky_nature: Awesome. Is it? https://t.co/8oEF4ES60S,,rt  awesome is it 
"RT @RahulTavar_: ‡§ï‡§ø‡§§‡§®‡§æ ‡§¨‡§¢‡§º‡§ø‡§Ø‡§æ ‡§≤‡§ó ‡§∞‡§π‡§æ ‡§π‡•à‡•§ ü§©

‡§ê‡§∏‡§æ ‡§∏‡§ö ‡§Æ‡•á‡§Ç ‡§π‡•ã ‡§ú‡§æ‡§è ‡§§‡•ã ‡§Æ‡§ú‡§æ ‡§Ü ‡§ú‡§æ‡§è‡•§ üôèüèª https://t.co/18hIE10KJo",,rt  ‡§ï‡§§‡§® ‡§¨‡§¢‡§Ø ‡§≤‡§ó ‡§∞‡§π ‡§π   ‡§ê‡§∏ ‡§∏‡§ö ‡§Æ ‡§π ‡§ú‡§è ‡§§ ‡§Æ‡§ú ‡§Ü ‡§ú‡§è  
"@NoWarPol @Khugaverse That‚Äôs a lot of achievements with Abstract!!
That‚Äôs awesome! Still looking forward to minting some projects! I missed on my chance to get KHUGA but I‚Äôll keep pushing!!
Bullish on Abstract
Bullish on you Rain!",,  thats a lot of achievements with abstract thats awesome still looking forward to minting some projects i missed on my chance to get khuga but ill keep pushing bullish on abstract bullish on you rain
@clintonyates I had the one where the bottom bunk was a futon. Awesome.,, i had the one where the bottom bunk was a futon awesome
"RT @kchartsmaster: EXO's Suho announces that EXO is planing to release a new album after Sehun's military discharge:

""All the members are‚Ä¶",,rt  exos suho announces that exo is planing to release a new album after sehuns military discharge  all the members are
@sarahwithheels Appreciate you posting awesome content üòòüòò,, appreciate you posting awesome content 
@JessicaJones__X That sounds awesome! üëç I've heard great things about it too üé• Let's give it a shot on Saturday!,, that sounds awesome  ive heard great things about it too  lets give it a shot on saturday
RT @Peggingnstrapon: ‚ÄúAwesome f*cking a Sissy! She came back wanting more. I wouldn't make it easy for her. I fucked her in several positio‚Ä¶,,rt  awesome fcking a sissy she came back wanting more i wouldnt make it easy for her i fucked her in several positio
"Join me on TradingView, this place is awesome. If you eventually grab a paid plan, we each get up to $15 as a bonus! Use this link to sign up: https://t.co/N7G9LoI6Jb",,join me on tradingview this place is awesome if you eventually grab a paid plan we each get up to 15 as a bonus use this link to sign up 
"RT @mohitrainaa69: @RubiDilaikOFC Vivian is awesome 
VICTORY AWAITS VIVIAN",,rt   vivian is awesome  victory awaits vivian
@_Daisy_444 That is awesome lines,, that is awesome lines
"RT @alban_knox: Another week of COOL THINGS!! It still feels so awesome to be back üê±üß°

General: #AlbanKnox
Live: #AlbanLive
Art: #AlbanKnox‚Ä¶",,rt  another week of cool things it still feels so awesome to be back   general albanknox live albanlive art albanknox
"RT @Alexnewtron: With all the negative feedback I get on Twitter, it's really refreshing to get to meet my real audience that actually play‚Ä¶",,rt  with all the negative feedback i get on twitter its really refreshing to get to meet my real audience that actually play
"RT @DhanHQ: Presenting Dhan Wrapped 2024 ‚è™

 We successfully completed year 3 of Dhan with the love and trust of 900,000+ Super Traders and‚Ä¶",,rt  presenting dhan wrapped 2024    we successfully completed year 3 of dhan with the love and trust of 900000 super traders and
@Iam_yuviking Hope you have an awesome evening,, hope you have an awesome evening
"RT @satyasanket: #SikandarTeaser out Now..

Awesome presentation with a cool BGM. This feels more like an announcement video than just a te‚Ä¶",,rt  sikandarteaser out now  awesome presentation with a cool bgm this feels more like an announcement video than just a te
"Yet another awesome video from Ainsworth The Musician on Instagram - a Volca Modular jam that he wrote as the soundtrack to a dream.

Volca is a range of powerful pocket-sized ü§è synths that are highly addictive, find out more here üëâ https://t.co/g7yMZf2cU4 https://t.co/aHsDXpR0nP",,yet another awesome video from ainsworth the musician on instagram  a volca modular jam that he wrote as the soundtrack to a dream  volca is a range of powerful pocketsized  synths that are highly addictive find out more here   
RT @JoeSentai: That really was awesome. https://t.co/0z7Z8mPySa,,rt  that really was awesome 
@Amwysoc Women like that are awesome!,, women like that are awesome
"RT @Deeverse_: SNAPSHOT STILL ROLLING üì∏
     
300+ active Page engagers identified. Their handles are recorded. Thanks for the awesome inte‚Ä¶",,rt  snapshot still rolling        300 active page engagers identified their handles are recorded thanks for the awesome inte
RT @riiyuuu_: heres our AWESOME sonas https://t.co/3Y9dafPJKB,,rt  heres our awesome sonas 
"@vinuui_ I love metal, awesome concept https://t.co/bPxZFbxHwC",, i love metal awesome concept 
"@David10x3 @GOATS_immortal That's awesome, rooting for this amazing project. Goodluck!",,  thats awesome rooting for this amazing project goodluck
"@RedMamb4 @prolifer4tion can you send yours too fam, it will be very awesome if i have the 3d model, try blend file if not possible send fbx",,  can you send yours too fam it will be very awesome if i have the 3d model try blend file if not possible send fbx
@BigMomFan69 It'd be awesome for Oda to relax in retirement from OP manga while still making artwork. I do recall after he's done he'd want to travel with his family across the world. That would really be great for family bonding and inspiration for these pictures/paintings he'd make.,, itd be awesome for oda to relax in retirement from op manga while still making artwork i do recall after hes done hed want to travel with his family across the world that would really be great for family bonding and inspiration for these picturespaintings hed make
"#SongoftheDay
https://t.co/c6Ysxph5f9

#Awesome #music #songs #MaxiPriest",,songoftheday   awesome music songs maxipriest
"A sneak peek on the brand new awesome outfits for your favorite characters in the full version of Amer: Fightingü§©
ŸÑŸÖÿ≠ÿ© ÿπŸÜ ÿßŸÑŸÑÿ®ÿ≥ÿßÿ™ ÿßŸÑÿ¨ÿØŸäÿØÿ© ŸàÿßŸÑÿ±ŸáŸäÿ®ÿ© ŸÑÿ¥ÿÆÿµŸäÿßÿ™ŸÉŸÖ ÿßŸÑŸÖŸÅÿ∂ŸÑÿ© ŸÅŸä ÿßŸÑŸÜÿ≥ÿÆÿ© ÿßŸÑŸÉÿßŸÖŸÑÿ© ŸÖŸÜ ÿπÿßŸÖÿ±: ÿßŸÑŸÖÿ¥ÿßÿ¨ÿ±ÿ©ü§© https://t.co/ZTXzD1Yaop",,a sneak peek on the brand new awesome outfits for your favorite characters in the full version of amer fighting ŸÑŸÖÿ≠ÿ© ÿπŸÜ ÿßŸÑŸÑÿ®ÿ≥ÿßÿ™ ÿßŸÑÿ¨ÿØŸäÿØÿ© ŸàÿßŸÑÿ±ŸáŸäÿ®ÿ© ŸÑÿ¥ÿÆÿµŸäÿßÿ™ŸÉŸÖ ÿßŸÑŸÖŸÅÿ∂ŸÑÿ© ŸÅŸä ÿßŸÑŸÜÿ≥ÿÆÿ© ÿßŸÑŸÉÿßŸÖŸÑÿ© ŸÖŸÜ ÿπÿßŸÖÿ± ÿßŸÑŸÖÿ¥ÿßÿ¨ÿ±ÿ© 
@QuantumTradePRO Awesome nice,, awesome nice
@CherrysLego Awesome looking pussy,, awesome looking pussy
@bitgertbrise Awesome,, awesome
@ismailzawar22 Awesome choice! I've heard that's a epic movie,, awesome choice ive heard thats a epic movie
@KebAppCoin Looks awesome! Want to lend a hand at no charge? Message me!,, looks awesome want to lend a hand at no charge message me
@QuantumTradePRO Awesome feature of QuantumTrading Bot success always come for QuantumTradePro ü•≥üöÄ,, awesome feature of quantumtrading bot success always come for quantumtradepro 
RT @Lukabirb: this guy is awesome for this btw https://t.co/hmScuTssy3,,rt  this guy is awesome for this btw 
"RT @ObaloluwaB4691: @MonstersCoins You should have your bags filled with $FROG. 
This is a project with a based team and an awesome communi‚Ä¶",,rt   you should have your bags filled with frog  this is a project with a based team and an awesome communi
"@Bullclub7 Come on check this out, this is awesome",, come on check this out this is awesome
@TheRabbitHole84 Awesome.  Love the fact that traffic would be so much nicer.,, awesome  love the fact that traffic would be so much nicer
"RT @ObaloluwaB4691: @MonstersCoins You should have your bags filled with $FROG. 
This is a project with a based team and an awesome communi‚Ä¶",,rt   you should have your bags filled with frog  this is a project with a based team and an awesome communi
"1/  Earn Big with Stakestone!

We‚Äôve teamed up with Stakestone to bring you awesome rewards through their Pre-Deposit Program.
‚≠ê First 200 people who deposit at least 0.042 ETH or 0.0015 BTC get 150 STO.
‚≠ê First 10,000 vault depositors meeting the criteria earn another 150 STO",,1  earn big with stakestone  weve teamed up with stakestone to bring you awesome rewards through their predeposit program  first 200 people who deposit at least 0042 eth or 00015 btc get 150 sto  first 10000 vault depositors meeting the criteria earn another 150 sto
RT @DOPreston: Honestly had an awesome evening in Blackpool. https://t.co/et0dbPujb6,,rt  honestly had an awesome evening in blackpool 
"@CoinstoreExc @athena_foo Answer: B
This is an awesome project. I am very much glad to be here. Go ahead

@Nibir00056
@Kodom765480
@Nibir96510844",,  answer b this is an awesome project i am very much glad to be here go ahead    
Gm ONLY to those of you who are AWESOME (hint: it's all of you),,gm only to those of you who are awesome hint its all of you
@pmcafrica You're awesome! Keep shining bright always!,, youre awesome keep shining bright always
@ladka_bawaal1 ‡§Ø‡•á ‡§¨‡§¢‡§º‡§ø‡§Ø‡§æ ‡§•‡§æ,, ‡§Ø ‡§¨‡§¢‡§Ø ‡§•
"RT @metadavideth: hello, gm gm!

Have an awesome Monday! ‚ö° https://t.co/O2GTryOOJM",,rt  hello gm gm  have an awesome monday  
"RT @THEREALTIMELIME: I've been blessed by @Vs_Flowey20 to give a preview of one of their songs.

I really like how Flowey is animated. Give‚Ä¶",,rt  ive been blessed by  to give a preview of one of their songs  i really like how flowey is animated give
"@Pedantrynmotion What an awesome job.

Since Schaff is free online, you would have to determine if you get particular benefit from having a distinct physical set, e.g. the better reading experience.

Purely value wise a better investment would be in the Fathers of the Church series, which is‚Ä¶ https://t.co/KJRqt6srgz",, what an awesome job  since schaff is free online you would have to determine if you get particular benefit from having a distinct physical set eg the better reading experience  purely value wise a better investment would be in the fathers of the church series which is 
@TaraBull808 Awesome,, awesome
@QuantumTradePRO Awesome,, awesome
"@countess_nat They look so awesome! I love yor art &lt;3
Also i can't wait for season 7 of Mystreet :D",, they look so awesome i love yor art lt3 also i cant wait for season 7 of mystreet d
"@TheAureliya That's awesome, rooting for this amazing project. Goodluck!",, thats awesome rooting for this amazing project goodluck
@sickestguyever @MeteoraAG @LGTBonSol @WEAREM3M3_ @solana This is awesome! keep going and let‚Äôs get this bread ü•ñ ü¶Üüìà,,     this is awesome keep going and lets get this bread  
