text,created_at
"RT @alban_knox: Catching up on a lot of cool games this week and we've got an awesome collab too!! ğŸ˜ŠğŸ§¡

General: #AlbanKnox
Live: #AlbanLiveâ€¦",
"RT @RomaL67194466: @GlamWorldTalks Vivian's journey.. awesome..

VICTORY AWAITS VIVIAN",
"Thanks a million for sharing this awesome article. Thank you for being my pillar of strength, bro. Jose Dattilo https://t.co/c1jfeBNe2L",
"@gabriel__xyz that's awesome mate, solid growth!

i do help founders get first sales via https://t.co/NxtxOPYNKQ",
@0xGumshoe @RaydiumProtocol @ai16zdao Awesome decipher,
@NickEagleMystic So awesome!!!! â¤ï¸ğŸ™ŒğŸ™,
RT @cenkuygur: I agree with @elonmusk and @VivekGRamaswamy about H-1B visas. But I love the rebellion against them because it shows that MAâ€¦,
@andwhynut69633 @awesome_visuals @MaxCasu @LudovicCreator @techhalla @madpencil_ @BrentLynch @elonmusk @Hailuo_AI @jinx_aiart @FOMOMoonGlow @masako_3d @dustinhollywood @VisionArtAI @Alin_Reaper05 @AiHacksHQ @MartinNebelong @pzf_ai @minchoi @EHuanglu https://t.co/mtdbQySesI,
"@kimcoinMaster @blumcrypto Wow, Blum's Season 2 sounds...interesting. tbh, I've had way better luck with meme coins on StraightUp.  Their Verified Launches are awesome, and I've earned some serious $FIRST. Check it out! https://t.co/Amtu0eMwF5",
"@PrakashPSPK24 Awesome choice! ğŸ¥ Watched it last week, still got goosebumps!",
"RT @baatein_dilse: I hope your birthday is as awesome as you are.

HAPPY BIRTHDAY KARAN VEER",
"i am so tempered right now...like, glazed all over. Im so shiny. Just walking around...so awesome https://t.co/eqQixoX5Yi",
"@TheToriant Come on check this out, this is awesome âœ¨",
@rabhya2230 à¤µà¥€à¤¡à¤¿à¤¯à¥‹ à¤…à¤šà¥à¤›à¥€ à¤¬à¤¢à¤¼à¤¿à¤¯à¤¾ à¤¡à¥à¤°à¤¾à¤®à¤¾ à¤¤à¥‹ à¤¹à¥‹à¤¤à¤¾ à¤¯à¤¾à¤°,
"@kuntect @Emperoronsol That's awesome, rooting for this amazing project. Goodluck!",
RT @KinkyChantall: Awesome f*cking a Sissy! She came back wanting more. I wouldn't make it easy for her. I fucked her in several positions.â€¦,
RT @kevinovira: @AltcoinGordon That would be awesome boss!,
"RT @NIJISANJI_World: PlaceğŸ‘‘s on our Livers' heads for these awesome moments! ft. @Fulgur_Ovid, @VezaliusBandage, @Vox_Akuma, @luca_kaneshirâ€¦",
@Moona_vitruals @luna_virtuals @Agent_Zeek Awesome,
@Bebak_ladki0 Awesome and beautiful lines ğŸ‘ŒğŸ‘Œ,
"RT @TalusNetwork: We want to take another moment during this holiday season to say thank you to everyone in this incredible community ğŸ™Œ

Whâ€¦",
"RT @Alden_Gonzalez: Corbin Burnes and his wife just had twins and wanted to stay home in Arizona, prompting a deal with the D-backs. Itâ€™s sâ€¦",
RT @Peargor: Being friends with professional animators is awesome because if you request Goth Squirrel Girl Marvel Rivals with big badonkerâ€¦,
@DarrenSRS @PtiteAngele Awesome ğŸ”¥ğŸ”¥,
"@MaincardGame really made the Christmas and New Year much more fun ğŸŠ 

The AMA yesterday was awesome!

I can't wait for all the epic plans for 2025 to I fold ğŸ‘",
"@_James041 Awesome Work @ Larry Madowo, you are an inspiration, you have been Consistent and faithful to the Cause. Maximum respectâ€¦",
RT @TandiLogan: Check out this awesome arcade stick my buddy @Clive_Frog_2_0 made for @PixelCNinja,
Hi! I'm pumped to explore Twitter world! Hope to meet awesome people here! ğŸ‘‹,
RT @are_gyani: à¤‡à¤¨à¤•à¥‹ à¤à¤²à¥à¤—à¥‹à¤°à¤¿à¤¥à¤® à¤ªà¤¤à¤¾ à¤¹à¥ˆ à¤¬à¤¢à¤¼à¤¿à¤¯à¤¾ à¤¤à¤¿à¤²à¤• à¤²à¤—à¤¾à¤“ à¤”à¤° à¤¸à¤¾à¤®à¤¨à¥‡ à¤µà¤¾à¤²à¥‡ à¤§à¤°à¥à¤® à¤•à¥€ à¤–à¥à¤²à¤•à¤° à¤¤à¤¾à¤°à¥€à¤« à¤•à¤°à¥‹ à¤…à¤ªà¤¨à¥‡ à¤§à¤°à¥à¤® à¤•à¥‹ à¤—à¤¾à¤²à¥€ à¤¦à¥‹ à¤¡à¥‰à¤²à¤° à¤•à¥€ à¤µà¤°à¥à¤·à¤¾ à¤¹à¥‹à¤—à¥€ à¤à¤¸à¥‡ à¤²à¥‹â€¦,
It's just awesome to know that Hero Hockey India League starts today with unmatched energy and excitement. Letâ€™s cheer for the action and fun. #HILOpeningCeremony,
@Crisstianaaf gm gm fam Morning! Be awesome today and shine like the sun!,
"RT @SanayaKhannn: Hey, love! Just thought I'd drop a message and let you know that you're an awesome person and that today will be a greatâ€¦",
Sikander introduction teaser does its job. Salman Khan back in his elements. Awesome BGM. super dialogue. @ARMurugadoss and   @Music_Santhosh did well. also they didnt reveal anything. hopefully trailer and later film will follow up to this. https://t.co/YOzIKv5Rtm,
"RT @Metaoasis_: ğŸ‰ MomoX Beta Wrap-Up

With the backing of our awesome community, this beta test was next level!ğŸ’¥

ğŸ”¹ 10,000+ Registrations â€”â€¦",
"@UmaizaChudhary0 The sun is setting down, The mood is awesome, Get your thoughts to calm down, Get all blossom, The evening is a pleasant time! Good evening!",
Merry #Bookmas! On the 14th day of #HJBookMas2024 Head on over to #HarlequinJunkie blog for the chance to win some awesome giveaways from some of our favorite authors!   https://t.co/7t8PuWjHJu,
"@daveartt Did you know that your track ""Rulay"" was added to the editorial playlist 'Novedades Viernes LatinoamÃ©rica' with over 887K Followers on Spotify! Find even more awesome insights on Songstats. https://t.co/gqH5EJZjAy",
"RT @SanayaKhannn: Hey, love! Just thought I'd drop a message and let you know that you're an awesome person and that today will be a greatâ€¦",
"RT @FADEX_001: SEI Network, here I come! 

thank you for the warm welcome and expert onboarding support @tezukaTez . Looking forward to conâ€¦",
@RealJessica05 You are awesome but Iâ€™m bankruptcy ğŸ„ğŸ˜Š,
"RT @Jason: These racist attacks are disgusting. 

[ @sriramk is awesome, for the record ]",
"@Jokushi911 The sun is setting down, The mood is awesome, Get your thoughts to calm down, Get all blossom, The evening is a pleasant time! Good evening!",
"RT @satyasanket: #SikandarTeaser out Now..

Awesome presentation with a cool BGM. This feels more like an announcement video than just a teâ€¦",
@NpBackup01 Have an awesome weekend too Nikhil!,
@PihuuYaduvanshi à¤¯à¥‡ à¤¬à¤¢à¤¼à¤¿à¤¯à¤¾ à¤¥à¤¾,
@Wawa_cto @devon_devz awesome!,
"RT @SanayaKhannn: You feel so awesome in the day 
When the day seems so good 
You feel so good throughout 
If you are in a happy state 
Soâ€¦",
RT @kohenoor_khan1: Squid game season 2 is freaking awesome,
RT @spooky_nature: Awesome. Is it? https://t.co/8oEF4ES60S,
"RT @RahulTavar_: à¤•à¤¿à¤¤à¤¨à¤¾ à¤¬à¤¢à¤¼à¤¿à¤¯à¤¾ à¤²à¤— à¤°à¤¹à¤¾ à¤¹à¥ˆà¥¤ ğŸ¤©

à¤à¤¸à¤¾ à¤¸à¤š à¤®à¥‡à¤‚ à¤¹à¥‹ à¤œà¤¾à¤ à¤¤à¥‹ à¤®à¤œà¤¾ à¤† à¤œà¤¾à¤à¥¤ ğŸ™ğŸ» https://t.co/18hIE10KJo",
"@NoWarPol @Khugaverse Thatâ€™s a lot of achievements with Abstract!!
Thatâ€™s awesome! Still looking forward to minting some projects! I missed on my chance to get KHUGA but Iâ€™ll keep pushing!!
Bullish on Abstract
Bullish on you Rain!",
@clintonyates I had the one where the bottom bunk was a futon. Awesome.,
"RT @kchartsmaster: EXO's Suho announces that EXO is planing to release a new album after Sehun's military discharge:

""All the members areâ€¦",
@sarahwithheels Appreciate you posting awesome content ğŸ˜˜ğŸ˜˜,
@JessicaJones__X That sounds awesome! ğŸ‘ I've heard great things about it too ğŸ¥ Let's give it a shot on Saturday!,
RT @Peggingnstrapon: â€œAwesome f*cking a Sissy! She came back wanting more. I wouldn't make it easy for her. I fucked her in several positioâ€¦,
"Join me on TradingView, this place is awesome. If you eventually grab a paid plan, we each get up to $15 as a bonus! Use this link to sign up: https://t.co/N7G9LoI6Jb",
"RT @mohitrainaa69: @RubiDilaikOFC Vivian is awesome 
VICTORY AWAITS VIVIAN",
@_Daisy_444 That is awesome lines,
"RT @alban_knox: Another week of COOL THINGS!! It still feels so awesome to be back ğŸ±ğŸ§¡

General: #AlbanKnox
Live: #AlbanLive
Art: #AlbanKnoxâ€¦",
"RT @Alexnewtron: With all the negative feedback I get on Twitter, it's really refreshing to get to meet my real audience that actually playâ€¦",
"RT @DhanHQ: Presenting Dhan Wrapped 2024 âª

 We successfully completed year 3 of Dhan with the love and trust of 900,000+ Super Traders andâ€¦",
@Iam_yuviking Hope you have an awesome evening,
"RT @satyasanket: #SikandarTeaser out Now..

Awesome presentation with a cool BGM. This feels more like an announcement video than just a teâ€¦",
"Yet another awesome video from Ainsworth The Musician on Instagram - a Volca Modular jam that he wrote as the soundtrack to a dream.

Volca is a range of powerful pocket-sized ğŸ¤ synths that are highly addictive, find out more here ğŸ‘‰ https://t.co/g7yMZf2cU4 https://t.co/aHsDXpR0nP",
RT @JoeSentai: That really was awesome. https://t.co/0z7Z8mPySa,
@Amwysoc Women like that are awesome!,
"RT @Deeverse_: SNAPSHOT STILL ROLLING ğŸ“¸
     
300+ active Page engagers identified. Their handles are recorded. Thanks for the awesome inteâ€¦",
RT @riiyuuu_: heres our AWESOME sonas https://t.co/3Y9dafPJKB,
"@vinuui_ I love metal, awesome concept https://t.co/bPxZFbxHwC",
"@David10x3 @GOATS_immortal That's awesome, rooting for this amazing project. Goodluck!",
"@RedMamb4 @prolifer4tion can you send yours too fam, it will be very awesome if i have the 3d model, try blend file if not possible send fbx",
@BigMomFan69 It'd be awesome for Oda to relax in retirement from OP manga while still making artwork. I do recall after he's done he'd want to travel with his family across the world. That would really be great for family bonding and inspiration for these pictures/paintings he'd make.,
"#SongoftheDay
https://t.co/c6Ysxph5f9

#Awesome #music #songs #MaxiPriest",
"A sneak peek on the brand new awesome outfits for your favorite characters in the full version of Amer: FightingğŸ¤©
Ù„Ù…Ø­Ø© Ø¹Ù† Ø§Ù„Ù„Ø¨Ø³Ø§Øª Ø§Ù„Ø¬Ø¯ÙŠØ¯Ø© ÙˆØ§Ù„Ø±Ù‡ÙŠØ¨Ø© Ù„Ø´Ø®ØµÙŠØ§ØªÙƒÙ… Ø§Ù„Ù…ÙØ¶Ù„Ø© ÙÙŠ Ø§Ù„Ù†Ø³Ø®Ø© Ø§Ù„ÙƒØ§Ù…Ù„Ø© Ù…Ù† Ø¹Ø§Ù…Ø±: Ø§Ù„Ù…Ø´Ø§Ø¬Ø±Ø©ğŸ¤© https://t.co/ZTXzD1Yaop",
@QuantumTradePRO Awesome nice,
@CherrysLego Awesome looking pussy,
@bitgertbrise Awesome,
@ismailzawar22 Awesome choice! I've heard that's a epic movie,
@KebAppCoin Looks awesome! Want to lend a hand at no charge? Message me!,
@QuantumTradePRO Awesome feature of QuantumTrading Bot success always come for QuantumTradePro ğŸ¥³ğŸš€,
RT @Lukabirb: this guy is awesome for this btw https://t.co/hmScuTssy3,
"RT @ObaloluwaB4691: @MonstersCoins You should have your bags filled with $FROG. 
This is a project with a based team and an awesome communiâ€¦",
"@Bullclub7 Come on check this out, this is awesome",
@TheRabbitHole84 Awesome.  Love the fact that traffic would be so much nicer.,
"RT @ObaloluwaB4691: @MonstersCoins You should have your bags filled with $FROG. 
This is a project with a based team and an awesome communiâ€¦",
"1/  Earn Big with Stakestone!

Weâ€™ve teamed up with Stakestone to bring you awesome rewards through their Pre-Deposit Program.
â­ First 200 people who deposit at least 0.042 ETH or 0.0015 BTC get 150 STO.
â­ First 10,000 vault depositors meeting the criteria earn another 150 STO",
RT @DOPreston: Honestly had an awesome evening in Blackpool. https://t.co/et0dbPujb6,
"@CoinstoreExc @athena_foo Answer: B
This is an awesome project. I am very much glad to be here. Go ahead

@Nibir00056
@Kodom765480
@Nibir96510844",
Gm ONLY to those of you who are AWESOME (hint: it's all of you),
@pmcafrica You're awesome! Keep shining bright always!,
@ladka_bawaal1 à¤¯à¥‡ à¤¬à¤¢à¤¼à¤¿à¤¯à¤¾ à¤¥à¤¾,
"RT @metadavideth: hello, gm gm!

Have an awesome Monday! âš¡ https://t.co/O2GTryOOJM",
"RT @THEREALTIMELIME: I've been blessed by @Vs_Flowey20 to give a preview of one of their songs.

I really like how Flowey is animated. Giveâ€¦",
"@Pedantrynmotion What an awesome job.

Since Schaff is free online, you would have to determine if you get particular benefit from having a distinct physical set, e.g. the better reading experience.

Purely value wise a better investment would be in the Fathers of the Church series, which isâ€¦ https://t.co/KJRqt6srgz",
@TaraBull808 Awesome,
@QuantumTradePRO Awesome,
"@countess_nat They look so awesome! I love yor art &lt;3
Also i can't wait for season 7 of Mystreet :D",
"@TheAureliya That's awesome, rooting for this amazing project. Goodluck!",
@sickestguyever @MeteoraAG @LGTBonSol @WEAREM3M3_ @solana This is awesome! keep going and letâ€™s get this bread ğŸ¥– ğŸ¦†ğŸ“ˆ,
